"name","id","active_rosters","drafted_by","position","years_exp","starts","benched","total_points","started_points","drafted_round","sleeper_id"
"Russell Wilson",14881,"Let Russ Cook Deebo's Nutz,The Tiger  King,For Trevor And Ever Amon,Cooks in the kitchen ","Comish11","QB",10,8,5,160.64,124.14,1,"1234"
"Dalvin Cook",3116593,"Let Russ Cook Deebo's Nutz","Comish11","RB",5,13,1,176.5,176.5,2,"4029"
"A.J. Brown",4047646,"Let Russ Cook Deebo's Nutz","Comish11","WR",3,13,1,190.5,190.5,3,"5859"
"Justin Fields",4362887,"Let Russ Cook Deebo's Nutz,Rainbow sHERBERT","Comish11","QB",1,6,5,195.8,151.18,4,"7591"
"Courtland Sutton",3128429,"Let Russ Cook Deebo's Nutz","Comish11","WR",4,5,8,101.3,47.3,5,"5045"
"Elijah Mitchell",4241555,"Let Russ Cook Deebo's Nutz,Slant Boys For Life","Comish11","RB",1,1,2,15.3,4.1,6,"7561"
"Dalton Schultz",3117256,"Let Russ Cook Deebo's Nutz","Comish11","TE",4,10,4,79.5,79.5,7,"5001"
"Clyde Edwards-Helaire",4242214,"Let Russ Cook Deebo's Nutz","Comish11","RB",2,5,4,88.9,43.7,8,"6820"
"Deebo Samuel",3126486,"Let Russ Cook Deebo's Nutz","Comish11","WR",3,9,5,137,96.3,9,"5872"
"Devin Singletary",4040761,"Let Russ Cook Deebo's Nutz","Comish11","RB",3,4,10,129.2,31.7,10,"6130"
"Michael Pittman Jr.",4035687,"Let Russ Cook Deebo's Nutz","Comish11","WR",2,5,9,123.5,60.8,11,"6819"
"Alexander Mattison",4048244,"Let Russ Cook Deebo's Nutz","Comish11","RB",3,0,14,55.6,0,12,"5987"
"Isiah Pacheco",4361529,"Let Russ Cook Deebo's Nutz,La La Land","Comish11","RB",0,1,7,68.9,10.7,15,"8205"
"Colts D/ST",-16011,"Let Russ Cook Deebo's Nutz,Slant Boys For Life,Golaso King Seabass","Comish11","D/ST",0,5,0,32,32,16,"IND"
"Romeo Doubs",4361432,"Let Russ Cook Deebo's Nutz,For Trevor And Ever Amon,La La Land","NA","WR",-1,3,4,43,19.7,0,"0000"
"Marcus Mariota",2576980,"Let Russ Cook Deebo's Nutz","GolasoKingSeabass","QB",7,11,2,196.56,165.14,13,"2307"
"Jalen Hurts",4040715,"St Charles 69ers","DeMo5","QB",2,13,1,334.88,334.88,1,"6904"
"Stefon Diggs",2976212,"St Charles 69ers","DeMo5","WR",7,13,1,230.9,230.9,2,"2449"
"Tyreek Hill",3116406,"St Charles 69ers","DeMo5","WR",6,13,1,241,241,3,"3321"
"Tee Higgins",4239993,"St Charles 69ers","DeMo5","WR",2,12,2,146.1,138.4,4,"6801"
"Tua Tagovailoa",4241479,"St Charles 69ers","DeMo5","QB",2,11,3,202.46,202.46,5,"6768"
"J.K. Dobbins",4241985,"St Charles 69ers,Let Russ Cook Deebo's Nutz","DeMo5","RB",2,2,6,49.2,5.9,6,"6806"
"Gabe Davis",4243537,"St Charles 69ers","DeMo5","WR",2,3,11,124.6,42.5,7,"6943"
"AJ Dillon",4239934,"St Charles 69ers","DeMo5","RB",2,12,2,107.8,105,8,"6828"
"Zach Wilson",4361259,"St Charles 69ers","DeMo5","QB",1,1,9,71.58,14.6,9,"7538"
"Tony Pollard",3916148,"St Charles 69ers","DeMo5","RB",3,11,3,203.8,183,10,"5967"
"Zach Ertz",15835,"St Charles 69ers","DeMo5","TE",9,10,3,92.1,92.1,11,"1339"
"Daniel Jones",3917792,"St Charles 69ers","DeMo5","QB",3,3,11,222.16,66.94,12,"5870"
"Skyy Moore",4430191,"St Charles 69ers","DeMo5","WR",0,0,7,9,0,13,"8168"
"Hunter Henry",3046439,"St Charles 69ers","DeMo5","TE",6,0,11,42,0,14,"3214"
"Packers D/ST",-16009,"St Charles 69ers","DeMo5","D/ST",0,9,2,59,42,15,"GB"
"Ronald Jones",3912550,"St Charles 69ers","DeMo5","RB",4,0,2,0,0,16,"5052"
"Austin Ekeler",3068267,"JC's cursed Interceptors","tink2020","RB",5,13,1,246.2,246.2,1,"4663"
"Joe Mixon",3116385,"JC's cursed Interceptors","tink2020","RB",5,11,3,172,172,2,"4018"
"Derek Carr",16757,"JC's cursed Interceptors","tink2020","QB",8,13,1,193.48,193.48,3,"2028"
"DK Metcalf",4047650,"JC's cursed Interceptors","tink2020","WR",3,12,2,154.9,136.5,4,"5846"
"Darren Waller",2576925,"JC's cursed Interceptors,La La Land","tink2020","TE",7,5,8,31.5,31.5,5,"2505"
"Jerry Jeudy",4241463,"JC's cursed Interceptors","tink2020","WR",2,4,10,115.8,35.2,6,"6783"
"Darnell Mooney",4040655,"JC's cursed Interceptors,Golaso King Seabass,For Trevor And Ever Amon","tink2020","WR",2,1,9,65,10.9,7,"7090"
"Amari Cooper",2976499,"JC's cursed Interceptors","tink2020","WR",7,10,4,158.9,115.5,8,"2309"
"Damien Harris",3925347,"JC's cursed Interceptors","tink2020","RB",3,1,10,68.7,1.7,9,"5890"
"Matthew Stafford",12483,"JC's cursed Interceptors","tink2020","QB",13,8,4,108.38,98.06,10,"421"
"Robert Woods",15880,"JC's cursed Interceptors","tink2020","WR",9,0,1,1.8,0,11,"1352"
"James Robinson",4052042,"JC's cursed Interceptors","tink2020","RB",2,3,9,82.1,36.8,12,"6955"
"Robert Tonyan",2975674,"JC's cursed Interceptors,Golaso King Seabass","tink2020","TE",5,3,5,50.5,23.1,14,"4602"
"Cowboys D/ST",-16006,"JC's cursed Interceptors","tink2020","D/ST",0,11,3,135,122,15,"DAL"
"Travis Etienne Jr.",4239996,"JC's cursed Interceptors","tink2020","RB",1,8,6,137.3,93.6,16,"7543"
"Bengals D/ST",-16004,"JC's cursed Interceptors,For Trevor And Ever Amon,Let Russ Cook Deebo's Nutz","NA","D/ST",-1,6,0,21,21,0,"0000"
"Najee Harris",4241457,"Golaso King Seabass","GolasoKingSeabass","RB",1,11,3,143.06,107.56,1,"7528"
"Trey Lance",4383351,"Golaso King Seabass","GolasoKingSeabass","QB",1,1,1,12.46,9.96,2,"7610"
"Mark Andrews",3116365,"Golaso King Seabass","GolasoKingSeabass","TE",4,12,2,128.9,128.9,3,"5012"
"Cooper Kupp",2977187,"Golaso King Seabass,For Trevor And Ever Amon","GolasoKingSeabass","WR",5,9,5,163.9,163.9,4,"4039"
"David Montgomery",4035538,"Golaso King Seabass","GolasoKingSeabass","RB",3,8,6,123,73,5,"5892"
"JuJu Smith-Schuster",3120348,"Golaso King Seabass,La La Land","GolasoKingSeabass","WR",5,7,7,122.7,46.9,6,"4040"
"Antonio Gibson",4360294,"Golaso King Seabass","GolasoKingSeabass","RB",2,7,7,135.1,68.8,7,"6945"
"Cordarrelle Patterson",15807,"Golaso King Seabass,La La Land","GolasoKingSeabass","RB",9,4,9,102.6,35.3,8,"1535"
"Adam Thielen",16460,"Golaso King Seabass","GolasoKingSeabass","WR",9,4,10,122,44.3,9,"1689"
"Allen Lazard",3128390,"Golaso King Seabass","GolasoKingSeabass","WR",4,6,8,114.5,66.5,10,"5185"
"James Cook",4379399,"Golaso King Seabass,For Trevor And Ever Amon","GolasoKingSeabass","RB",0,0,4,16.5,0,11,"8138"
"DeVante Parker",2576623,"Golaso King Seabass","GolasoKingSeabass","WR",7,0,1,1.4,0,12,"2319"
"Rachaad White",4697815,"Golaso King Seabass,Let Russ Cook Deebo's Nutz,La La Land","GolasoKingSeabass","RB",0,2,10,71.4,29.3,14,"8136"
"49ers D/ST",-16025,"Golaso King Seabass,For Trevor And Ever Amon","GolasoKingSeabass","D/ST",0,11,2,119,101,15,"SF"
"Tom Brady",2330,"Golaso King Seabass","GolasoKingSeabass","QB",22,12,2,198.7,183.96,16,"167"
"Carson Wentz",2573079,"Golaso King Seabass,JC's cursed Interceptors","NA","QB",-1,3,4,97.46,40.58,0,"0000"
"Christian McCaffrey",3117251,"Cooks in the kitchen ","drdadbod","RB",5,13,1,234.56,234.56,1,"4034"
"Aaron Rodgers",8439,"Cooks in the kitchen ","drdadbod","QB",17,13,1,187.26,187.26,2,"96"
"Nick Chubb",3128720,"Cooks in the kitchen ","drdadbod","RB",4,13,1,214.5,214.5,3,"4988"
"Dallas Goedert",3121023,"Cooks in the kitchen ","drdadbod","TE",4,4,10,91.9,38.5,4,"5022"
"Diontae Johnson",3932905,"Cooks in the kitchen ","drdadbod","WR",3,4,10,102.5,25.5,5,"5937"
"Matt Ryan",11237,"Cooks in the kitchen ","drdadbod","QB",14,9,4,144,102.54,6,"24"
"Brandin Cooks",16731,"Cooks in the kitchen ","drdadbod","WR",8,6,8,80.7,48.1,7,"2197"
"Elijah Moore",4372414,"Cooks in the kitchen ","drdadbod","WR",1,1,6,27.9,7.4,8,"7596"
"Pat Freiermuth",4361411,"Cooks in the kitchen ","drdadbod","TE",1,10,4,101.5,85.9,9,"7600"
"Melvin Gordon III",2576434,"Cooks in the kitchen ","drdadbod","RB",7,0,14,74.6,0,10,"2320"
"Tyler Lockett",2577327,"Cooks in the kitchen ","drdadbod","WR",7,8,6,169.1,102.5,11,"2374"
"Garrett Wilson",4569618,"Cooks in the kitchen ","drdadbod","WR",0,9,5,142.7,90.6,12,"8146"
"Kenneth Gainwell",4371733,"Cooks in the kitchen ,The Tiger  King","drdadbod","RB",1,0,7,32.6,0,13,"7567"
"Darrell Henderson Jr.",4039359,"Cooks in the kitchen ","drdadbod","RB",3,2,12,65,16.3,14,"5916"
"Bills D/ST",-16002,"Cooks in the kitchen ","drdadbod","D/ST",0,13,1,110,110,15,"BUF"
"Justin Jefferson",4262921,"Cooks in the kitchen ","drdadbod","WR",2,13,1,247.26,247.26,16,"6794"
"Lamar Jackson",3916387,"Slant Boys For Life","FantasyGOATx3","QB",4,12,2,236.08,236.08,1,"4881"
"Davante Adams",16800,"Slant Boys For Life","FantasyGOATx3","WR",8,13,1,237.6,237.6,2,"2133"
"Alvin Kamara",3054850,"Slant Boys For Life","FantasyGOATx3","RB",5,11,3,133.8,133.8,3,"4035"
"George Kittle",3040151,"Slant Boys For Life","FantasyGOATx3","TE",5,11,3,93,93,4,"4217"
"Kirk Cousins",14880,"Slant Boys For Life","FantasyGOATx3","QB",10,11,3,214.12,180.44,5,"1166"
"D'Andre Swift",4259545,"Slant Boys For Life","FantasyGOATx3","RB",2,10,4,116.3,116.3,6,"6790"
"Michael Thomas",2976316,"Slant Boys For Life","FantasyGOATx3","WR",6,3,5,43.1,43.1,7,"3199"
"DeAndre Hopkins",15795,"Slant Boys For Life","FantasyGOATx3","WR",9,7,7,109.3,109.3,8,"1426"
"Hunter Renfrow",3135321,"Slant Boys For Life,Let Russ Cook Deebo's Nutz","FantasyGOATx3","WR",3,1,3,11,7.4,9,"5955"
"Brandon Aiyuk",4360438,"Slant Boys For Life,For Trevor And Ever Amon","FantasyGOATx3","WR",2,5,8,120.9,48.5,10,"6803"
"Michael Carter",4240657,"Slant Boys For Life,For Trevor And Ever Amon,Golaso King Seabass","FantasyGOATx3","RB",1,6,6,83,26.1,11,"7607"
"Nyheim Hines",3916430,"Slant Boys For Life,Let Russ Cook Deebo's Nutz","FantasyGOATx3","RB",4,0,4,20.9,0,12,"5347"
"Deshaun Watson",3122840,"Slant Boys For Life","FantasyGOATx3","QB",5,2,12,21.68,21.68,13,"4017"
"Cole Kmet",4258595,"Slant Boys For Life,Let Russ Cook Deebo's Nutz,Golaso King Seabass","FantasyGOATx3","TE",2,2,4,23.6,4.2,14,"6826"
"Cam Akers",4240021,"Slant Boys For Life,Golaso King Seabass,St Charles 69ers","FantasyGOATx3","RB",2,3,9,36.9,10.1,16,"6938"
"Browns D/ST",-16005,"Slant Boys For Life,St Charles 69ers","NA","D/ST",-1,4,0,49,49,0,"0000"
"Derrick Henry",3043078,"For Trevor And Ever Amon","provolove69","RB",6,13,1,231.06,231.06,1,"3198"
"Jonathan Taylor",4242335,"For Trevor And Ever Amon,Golaso King Seabass","provolove69","RB",2,10,4,130.6,130.6,2,"6813"
"Keenan Allen",15818,"For Trevor And Ever Amon,The Tiger  King","provolove69","WR",9,4,10,67,55,3,"1479"
"Kyle Pitts",4360248,"For Trevor And Ever Amon","provolove69","TE",1,7,4,61.6,42.6,4,"7553"
"DJ Moore",3915416,"For Trevor And Ever Amon","provolove69","WR",4,7,7,112,38.3,5,"4983"
"Trevor Lawrence",4360310,"For Trevor And Ever Amon","provolove69","QB",1,13,1,235.88,235.88,6,"7523"
"Chris Godwin",3116165,"For Trevor And Ever Amon,Golaso King Seabass","provolove69","WR",5,9,5,119.2,104.8,7,"4037"
"Amon-Ra St. Brown",4374302,"For Trevor And Ever Amon","provolove69","WR",1,11,3,175.7,159.3,8,"7547"
"Chase Edmonds",3119195,"For Trevor And Ever Amon","provolove69","RB",4,1,4,39,1.7,9,"5000"
"Josh Allen",3918298,"For Trevor And Ever Amon","provolove69","QB",4,13,1,314.92,314.92,10,"4984"
"Rashaad Penny",3139925,"For Trevor And Ever Amon","provolove69","RB",4,1,4,50.2,7.7,11,"4985"
"Kadarius Toney",4240600,"For Trevor And Ever Amon,La La Land","provolove69","WR",1,1,4,21.5,0,13,"7606"
"Zamir White",4361777,"For Trevor And Ever Amon,Let Russ Cook Deebo's Nutz","provolove69","RB",0,0,2,-0.7,0,14,"8139"
"Michael Gallup",4036348,"For Trevor And Ever Amon,Let Russ Cook Deebo's Nutz","provolove69","WR",4,1,6,18.6,0,15,"5038"
"Jameson Williams",4426388,"For Trevor And Ever Amon,The Tiger  King","NA","WR",-1,0,5,10.6,0,0,"0000"
"Broncos D/ST",-16007,"For Trevor And Ever Amon,St Charles 69ers,Let Russ Cook Deebo's Nutz","NA","D/ST",-1,5,0,37,37,0,"0000"
"Kyler Murray",3917315,"La La Land","Nserrrr","QB",3,11,3,200.52,200.52,1,"5849"
"CeeDee Lamb",4241389,"La La Land","Nserrrr","WR",2,13,1,173.7,173.7,2,"6786"
"Mike Evans",16737,"La La Land","Nserrrr","WR",8,11,3,128,113.9,3,"2216"
"James Conner",3045147,"La La Land","Nserrrr","RB",5,6,8,126.6,76.4,4,"4137"
"Breece Hall",4427366,"La La Land,St Charles 69ers","Nserrrr","RB",0,2,12,105.6,32.3,5,"8155"
"Allen Robinson II",16799,"La La Land,Let Russ Cook Deebo's Nutz","Nserrrr","WR",8,0,6,35.4,0,6,"1992"
"Ja'Marr Chase",4362628,"La La Land","Nserrrr","WR",1,9,5,154.9,154.9,7,"7564"
"Dameon Pierce",4360238,"La La Land","Nserrrr","RB",0,9,5,151.4,117.3,8,"8129"
"Jameis Winston",2969939,"La La Land,The Tiger  King","Nserrrr","QB",7,3,1,43.92,43.92,9,"2306"
"Rhamondre Stevenson",4569173,"La La Land","Nserrrr","RB",1,10,4,171.7,139,10,"7611"
"Christian Kirk",3895856,"La La Land","Nserrrr","WR",4,5,9,161.6,79.7,11,"4950"
"Dawson Knox",3930086,"La La Land,JC's cursed Interceptors","Nserrrr","TE",3,7,4,51.1,37.6,12,"5906"
"Albert Okwuegbunam",4035115,"La La Land","Nserrrr","TE",2,0,2,5.8,0,13,"6843"
"George Pickens",4426354,"La La Land,The Tiger  King","Nserrrr","WR",0,0,13,85.1,0,14,"8137"
"Saints D/ST",-16018,"La La Land,Let Russ Cook Deebo's Nutz,Slant Boys For Life","Nserrrr","D/ST",0,5,0,21,21,16,"NO"
"Eagles D/ST",-16021,"La La Land","NA","D/ST",-1,8,3,92,81,0,"0000"
"Aaron Jones",3042519,"Rainbow sHERBERT","willydawg71088","RB",5,11,3,177.5,137.2,1,"4199"
"Dak Prescott",2577417,"Rainbow sHERBERT","willydawg71088","QB",6,8,6,127.28,127.28,2,"3294"
"Javonte Williams",4361579,"Rainbow sHERBERT","willydawg71088","RB",1,3,2,34,26.5,3,"7588"
"Leonard Fournette",3115364,"Rainbow sHERBERT","willydawg71088","RB",5,10,4,151.9,132.3,4,"3969"
"Mike Williams",3045138,"Rainbow sHERBERT","willydawg71088","WR",5,8,6,108.6,93.1,5,"4068"
"Marquise Brown",4241372,"Rainbow sHERBERT","willydawg71088","WR",3,6,8,101,75.6,6,"5848"
"Justin Herbert",4038941,"Rainbow sHERBERT","willydawg71088","QB",2,13,1,230.54,230.54,7,"6797"
"T.J. Hockenson",4036133,"Rainbow sHERBERT","willydawg71088","TE",3,10,4,124.7,68,8,"5844"
"Kenneth Walker III",4567048,"Rainbow sHERBERT","willydawg71088","RB",0,6,8,140,97,9,"8151"
"DeVonta Smith",4241478,"Rainbow sHERBERT","willydawg71088","WR",1,8,6,138.5,73.5,10,"7525"
"Miles Sanders",4045163,"Rainbow sHERBERT","willydawg71088","RB",3,10,4,190.3,134.1,11,"6151"
"Chris Olave",4361370,"Rainbow sHERBERT","willydawg71088","WR",0,8,6,136.7,88,12,"8144"
"Chase Claypool",4046692,"Rainbow sHERBERT","willydawg71088","WR",2,0,14,78.14,0,13,"6886"
"Mike Gesicki",3116164,"Rainbow sHERBERT,JC's cursed Interceptors,Slant Boys For Life","willydawg71088","TE",4,2,2,24.8,12.1,15,"4993"
"Buccaneers D/ST",-16027,"Rainbow sHERBERT","willydawg71088","D/ST",0,9,5,78,52,16,"TB"
"Titans D/ST",-16010,"Rainbow sHERBERT,For Trevor And Ever Amon,JC's cursed Interceptors","NA","D/ST",-1,3,2,18,30,0,"0000"
"Patrick Mahomes",3139477,"The Tiger  King","mikeoc2891","QB",5,13,1,320.4,320.4,1,"4046"
"Travis Kelce",15847,"The Tiger  King","mikeoc2891","TE",9,13,1,216.9,216.9,2,"1466"
"Saquon Barkley",3929630,"The Tiger  King","mikeoc2891","RB",4,13,1,205.4,205.4,3,"4866"
"Ezekiel Elliott",3051392,"The Tiger  King","mikeoc2891","RB",6,6,8,139.9,67.2,4,"3164"
"Terry McLaurin",3121422,"The Tiger  King","mikeoc2891","WR",3,12,2,145.2,132,5,"5927"
"Rashod Bateman",4360939,"The Tiger  King","mikeoc2891","WR",1,1,7,46,4.9,6,"7571"
"Josh Jacobs",4047365,"The Tiger  King","mikeoc2891","RB",3,10,4,260.8,171.3,7,"5850"
"Kareem Hunt",3059915,"The Tiger  King","mikeoc2891","RB",5,1,12,89.3,1.2,8,"4098"
"Drake London",4426502,"The Tiger  King","mikeoc2891","WR",0,4,10,100.8,26.6,9,"8112"
"Treylon Burks",4567156,"The Tiger  King,La La Land","mikeoc2891","WR",0,0,5,40.3,0,10,"8135"
"Jaylen Waddle",4372016,"The Tiger  King","mikeoc2891","WR",1,13,1,165.5,165.5,11,"7526"
"Joe Burrow",3915511,"The Tiger  King","mikeoc2891","QB",2,13,1,290.8,290.8,12,"6770"
"Tyler Allgeier",4373626,"The Tiger  King,For Trevor And Ever Amon","mikeoc2891","RB",0,0,6,36.8,0,14,"8132"
"Jelani Woods",4241410,"The Tiger  King","mikeoc2891","TE",0,0,3,3.8,0,15,"8219"
"Ravens D/ST",-16033,"The Tiger  King,Golaso King Seabass","mikeoc2891","D/ST",0,6,2,61,56,16,"BAL"
"Julio Jones",13982,"The Tiger  King,JC's cursed Interceptors","NA","WR",-1,0,3,10.1,0,0,"0000"
"Steelers D/ST",-16023,"Let Russ Cook Deebo's Nutz","NA","D/ST",-1,4,3,27,14,0,"0000"
"Robbie Anderson",2574808,"Let Russ Cook Deebo's Nutz","NA","WR",-1,0,1,2.7,0,0,"0000"
"Chargers D/ST",-16024,"Let Russ Cook Deebo's Nutz,The Tiger  King","provolove69","D/ST",0,2,1,3,2,16,"LAC"
"Curtis Samuel",3121427,"JC's cursed Interceptors","NA","WR",-1,4,9,108.2,26.3,0,"0000"
"Jarvis Landry",16790,"Golaso King Seabass","tink2020","WR",8,0,2,7.7,0,13,"1825"
"Jamaal Williams",2980453,"Golaso King Seabass,Slant Boys For Life","NA","RB",-1,10,2,133.6,127.1,0,"0000"
"Taysom Hill",2468609,"Slant Boys For Life,La La Land,The Tiger  King","NA","TE",-1,3,9,54.56,17.28,0,"0000"
"Jeff Wilson Jr.",3122976,"For Trevor And Ever Amon","NA","RB",-1,10,3,115.5,96.3,0,"0000"
"Jahan Dotson",4361409,"For Trevor And Ever Amon","NA","WR",-1,0,3,29.7,0,0,"0000"
"Rams D/ST",-16014,"La La Land,The Tiger  King,Let Russ Cook Deebo's Nutz","FantasyGOATx3","D/ST",0,5,0,32,32,15,"LAR"
"Seahawks D/ST",-16026,"La La Land,For Trevor And Ever Amon","NA","D/ST",-1,2,1,22,14,0,"0000"
"Ryan Tannehill",14876,"Rainbow sHERBERT,JC's cursed Interceptors","NA","QB",-1,6,3,92.78,75.86,0,"0000"
"Brian Robinson",4241474,"The Tiger  King","Comish11","RB",0,0,3,0,0,13,"8154"
"Khalil Herbert",4035886,"The Tiger  King,Golaso King Seabass","NA","RB",-1,2,6,62.8,11.7,0,"0000"
"Jimmy Garoppolo",16760,"Let Russ Cook Deebo's Nutz,Golaso King Seabass","NA","QB",-1,5,4,116.24,73.16,0,"0000"
"Gerald Everett",3918639,"Let Russ Cook Deebo's Nutz,La La Land,For Trevor And Ever Amon","NA","TE",-1,7,1,49.4,44.1,0,"0000"
"Chiefs D/ST",-16012,"St Charles 69ers,The Tiger  King,La La Land","NA","D/ST",-1,3,4,46,28,0,"0000"
"Jared Goff",3046779,"Golaso King Seabass,For Trevor And Ever Amon","NA","QB",-1,8,4,170.64,116.6,0,"0000"
"Jakobi Meyers",3916433,"Golaso King Seabass,Slant Boys For Life","NA","WR",-1,2,8,58.4,11.7,0,"0000"
"Texans D/ST",-16034,"For Trevor And Ever Amon","NA","D/ST",-1,1,0,8,8,0,"0000"
"Raheem Mostert",2576414,"La La Land,For Trevor And Ever Amon","NA","RB",-1,4,6,81.4,26,0,"0000"
"Eno Benjamin",4242873,"La La Land,Golaso King Seabass","NA","RB",-1,3,2,51.9,35.8,0,"0000"
"Tyler Higbee",2573401,"Rainbow sHERBERT","NA","TE",-1,4,8,54.5,21.6,0,"0000"
"Kenny Pickett",4240703,"The Tiger  King,JC's cursed Interceptors","NA","QB",-1,2,7,94.76,32.34,0,"0000"
"D'Onta Foreman",3125116,"Let Russ Cook Deebo's Nutz","NA","RB",-1,6,4,93.2,79.8,0,"0000"
"Sony Michel",3128721,"JC's cursed Interceptors","NA","RB",-1,0,1,4.2,0,0,"0000"
"Greg Dortch",4037235,"Golaso King Seabass","NA","WR",-1,0,1,1.1,0,0,"0000"
"Tyler Conklin",3915486,"Golaso King Seabass,St Charles 69ers","NA","TE",-1,0,5,20.4,0,0,"0000"
"David Njoku",3123076,"Slant Boys For Life","NA","TE",-1,5,6,66.2,52.1,0,"0000"
"Zay Jones",3059722,"Slant Boys For Life,Golaso King Seabass","NA","WR",-1,1,2,20.3,17.7,0,"0000"
"Giants D/ST",-16019,"For Trevor And Ever Amon","NA","D/ST",-1,1,0,15,15,0,"0000"
"Samaje Perine",3116389,"La La Land,JC's cursed Interceptors","NA","RB",-1,1,3,44.7,18.5,0,"0000"
"Geno Smith",15864,"La La Land","NA","QB",-1,10,1,203.44,203.44,0,"0000"
"Teddy Bridgewater",16728,"Let Russ Cook Deebo's Nutz","NA","QB",-1,1,0,0,0,0,"0000"
"Jaguars D/ST",-16030,"Let Russ Cook Deebo's Nutz","NA","D/ST",-1,2,0,2,2,0,"0000"
"Mike Boone",3139033,"JC's cursed Interceptors","NA","RB",-1,0,2,10.9,0,0,"0000"
"Jacoby Brissett",2578570,"JC's cursed Interceptors,Cooks in the kitchen ","NA","QB",-1,7,2,108.92,108.92,0,"0000"
"Dolphins D/ST",-16015,"Slant Boys For Life,Cooks in the kitchen ,St Charles 69ers","NA","D/ST",-1,4,2,36,31,0,"0000"
"Corey Davis",3042778,"Slant Boys For Life","NA","WR",-1,1,0,4.8,4.8,0,"0000"
"Hayden Hurst",3924365,"For Trevor And Ever Amon,Golaso King Seabass,JC's cursed Interceptors,La La Land","NA","TE",-1,5,1,38.8,32.6,0,"0000"
"Vikings D/ST",-16016,"La La Land,For Trevor And Ever Amon,The Tiger  King","NA","D/ST",-1,3,0,14,14,0,"0000"
"Irv Smith Jr.",4040980,"La La Land","NA","TE",-1,1,0,6.2,6.2,0,"0000"
"Brian Robinson Jr.",4241474,"The Tiger  King","Comish11","RB",0,4,6,82.5,32,13,"8154"
"DeeJay Dallas",4240631,"Let Russ Cook Deebo's Nutz","NA","RB",-1,0,1,0.1,0,0,"0000"
"Marquez Valdes-Scantling",3051738,"Golaso King Seabass","Comish11","WR",4,0,2,2.3,0,14,"5086"
"Panthers D/ST",-16029,"Slant Boys For Life","NA","D/ST",-1,1,0,8,8,0,"0000"
"Khalil Shakir",4373678,"Slant Boys For Life","NA","WR",-1,1,0,1.9,1.9,0,"0000"
"Isaiah McKenzie",3128724,"For Trevor And Ever Amon","NA","WR",-1,1,0,1.9,1.9,0,"0000"
"Joshua Kelley",3910544,"La La Land","NA","RB",-1,0,1,0,0,0,"0000"
"Patriots D/ST",-16017,"La La Land,Rainbow sHERBERT","NA","D/ST",-1,5,4,91,56,0,"0000"
"Kenyan Drake",2979843,"St Charles 69ers","NA","RB",-1,2,6,52.4,6.8,0,"0000"
"Latavius Murray",15920,"JC's cursed Interceptors","NA","RB",-1,1,4,44.7,10.3,0,"0000"
"Josh Reynolds",3115306,"Golaso King Seabass","NA","WR",-1,0,1,1.3,0,0,"0000"
"Jets D/ST",-16020,"Slant Boys For Life","NA","D/ST",-1,5,3,59,38,0,"0000"
"Taylor Heinicke",2565969,"Slant Boys For Life,Rainbow sHERBERT","NA","QB",-1,2,5,70.4,28.1,0,"0000"
"Chuba Hubbard",4241416,"Slant Boys For Life","NA","RB",-1,0,8,43.1,0,0,"0000"
"Gus Edwards",3051926,"For Trevor And Ever Amon,St Charles 69ers","NA","RB",-1,2,6,42.1,7.7,0,"0000"
"Evan Engram",3051876,"La La Land,JC's cursed Interceptors","NA","TE",-1,4,0,46.6,46.6,0,"0000"
"Rondale Moore",4372485,"Rainbow sHERBERT,The Tiger  King","mikeoc2891","WR",1,3,1,27.8,24.2,13,"7601"
"Greg Dulcich",4367209,"The Tiger  King,For Trevor And Ever Amon","NA","TE",-1,4,4,44.7,14.4,0,"0000"
"Tyler Boyd",3045144,"Let Russ Cook Deebo's Nutz","NA","WR",-1,3,1,23.4,23.4,0,"0000"
"Malik Willis",4242512,"Let Russ Cook Deebo's Nutz","NA","QB",-1,1,0,1.4,1.4,0,"0000"
"Joshua Palmer",4242433,"JC's cursed Interceptors","NA","WR",-1,3,4,72,47.1,0,"0000"
"Parris Campbell",3121410,"Slant Boys For Life","NA","WR",-1,0,1,8.1,0,0,"0000"
"Harrison Bryant",4040774,"La La Land","NA","TE",-1,1,0,0,0,0,"0000"
"Sam Ehlinger",4241820,"Rainbow sHERBERT","NA","QB",-1,1,0,7.54,7.54,0,"0000"
"Commanders D/ST",-16028,"The Tiger  King","NA","D/ST",-1,3,0,34,34,0,"0000"
"Andy Dalton",14012,"The Tiger  King,Slant Boys For Life,La La Land,Let Russ Cook Deebo's Nutz","NA","QB",-1,3,1,56.68,46.42,0,"0000"
"Deon Jackson",4240455,"Let Russ Cook Deebo's Nutz","NA","RB",-1,1,1,4.6,4.6,0,"0000"
"Isaiah Likely",4361050,"Let Russ Cook Deebo's Nutz","NA","TE",-1,1,0,8.9,8.9,0,"0000"
"Caleb Huntley",4244732,"St Charles 69ers","NA","RB",-1,1,1,6.6,3.4,0,"0000"
"Cardinals D/ST",-16022,"Golaso King Seabass","NA","D/ST",-1,2,1,12,16,0,"0000"
"Dontrell Hilliard",3126246,"Cooks in the kitchen ","NA","RB",-1,1,5,16.9,1.3,0,"0000"
"Jaylen Warren",4569987,"Let Russ Cook Deebo's Nutz,Golaso King Seabass","NA","RB",-1,0,2,12.1,0,0,"0000"
"Terrace Marshall Jr.",4362630,"Let Russ Cook Deebo's Nutz","NA","WR",-1,0,1,4.8,0,0,"0000"
"John Wolford",3124092,"JC's cursed Interceptors","NA","QB",-1,0,1,8.78,0,0,"0000"
"Foster Moreau",3843945,"Golaso King Seabass,St Charles 69ers","NA","TE",-1,5,0,30.1,30.1,0,"0000"
"Colt McCoy",13199,"La La Land","NA","QB",-1,1,0,13.92,13.92,0,"0000"
"Falcons D/ST",-16001,"The Tiger  King","NA","D/ST",-1,1,0,1,1,0,"0000"
"Christian Watson",4248528,"Let Russ Cook Deebo's Nutz","NA","WR",-1,3,1,61,61,0,"0000"
"Jerick McKinnon",16782,"Slant Boys For Life","NA","RB",-1,0,4,46.9,0,0,"0000"
"Trey McBride",4361307,"La La Land","NA","TE",-1,1,0,3.4,3.4,0,"0000"
"Kyren Williams",4430737,"Let Russ Cook Deebo's Nutz","NA","RB",-1,1,1,8.4,0.9,0,"0000"
"Mike White",3051381,"Slant Boys For Life","NA","QB",-1,1,2,52.98,24.8,0,"0000"
"JaMycal Hasty",3928925,"Let Russ Cook Deebo's Nutz","NA","RB",-1,0,2,1.3,0,0,"0000"
"Jordan Mason",4360569,"Let Russ Cook Deebo's Nutz","NA","RB",-1,0,2,10.7,0,0,"0000"
"Donovan Peoples-Jones",4258195,"For Trevor And Ever Amon","NA","WR",-1,0,2,27.3,0,0,"0000"
"Zonovan Knight",4427728,"For Trevor And Ever Amon","NA","RB",-1,0,2,29,0,0,"0000"
"Mac Jones",4241464,"Let Russ Cook Deebo's Nutz","NA","QB",-1,1,0,7.3,7.3,0,"0000"
"Travis Homer",4037457,"Let Russ Cook Deebo's Nutz","NA","RB",-1,1,0,4.4,4.4,0,"0000"
"Brock Purdy",4361741,"Golaso King Seabass","NA","QB",-1,0,1,21.7,0,0,"0000"
"Sam Darnold",3912547,"Cooks in the kitchen ","NA","QB",-1,1,0,11.8,11.8,0,"0000"
"Tyler Huntley",4035671,"For Trevor And Ever Amon","NA","QB",-1,0,1,6.62,0,0,"0000"
"Desmond Ridder",4239086,"La La Land","NA","QB",-1,0,1,0,0,0,"0000"
"Raiders D/ST",-16013,"The Tiger  King","NA","D/ST",-1,1,0,9,9,0,"0000"